研报名称,机构名称,发布时间,行业,研报地址
通信行业周报：DeepSeek-V3.1发布，重视国产算力、液冷、光通信等AI全产业链,开源证券,2025-08-24,通信设备,https://pdf.dfcfw.com/pdf/H3_AP202508241733403261_1.pdf?1756031143000.pdf
通信行业研究周报：DeepSeek-V3.1发布，积极关注AI及卫星产业链投资机会,天风证券,2025-08-24,通信设备,https://pdf.dfcfw.com/pdf/H3_AP202508241733508564_1.pdf?1756046256000.pdf
通信行业周报2025年第34周：DeepSeek V3.1发布，工信部有序引导国产算力设施建设,国信证券,2025-08-24,通信设备,https://pdf.dfcfw.com/pdf/H3_AP202508241733534428_1.pdf?1756052088000.pdf
数据中心互联技术专题四：CSP云厂AI军备竞赛加速，智算中心架构快速发展,国信证券,2025-08-24,通信设备,https://pdf.dfcfw.com/pdf/H3_AP202508241733534435_1.pdf?1756052157000.pdf
通信行业周报：国产算力链迎多重利好，海外光通信方案加速迭代,国金证券,2025-08-24,通信设备,https://pdf.dfcfw.com/pdf/H3_AP202508241733631716_1.pdf?1756065131000.pdf
通信行业点评报告：NVIDIA推出Spectrum-XGS以太网，重视光互连产业机遇,开源证券,2025-08-24,通信设备,https://pdf.dfcfw.com/pdf/H3_AP202508241733689324_1.pdf?1756108418000.pdf
国信通信·算力租赁专题报告：Neocloud引领算力租赁发展，国内市场发展可期,国信证券,2025-08-24,通信设备,https://pdf.dfcfw.com/pdf/H3_AP202508241733689346_1.pdf?1756107135000.pdf
培育互联互通：亚太经合组织中的低轨卫星机遇,亚太经济合作组织,2025-08-24,通信设备,https://pdf.dfcfw.com/pdf/H3_AP202508241733377493_1.pdf?1756047038000.pdf
通信行业周报：大规模算力具备必要性，国产AI芯片生态不断完善,上海证券,2025-08-22,通信设备,https://pdf.dfcfw.com/pdf/H3_AP202508221732165341_1.pdf?1755858656000.pdf
通信行业双周报：全球首批支持NB-NTN卫星通信的可穿戴平台面世,东莞证券,2025-08-22,通信设备,https://pdf.dfcfw.com/pdf/H3_AP202508221732348820_1.pdf?1755891404000.pdf
通信行业周跟踪：液冷、OCS与国产超节点，继续关注AI板块轮动行情,山西证券,2025-08-22,通信设备,https://pdf.dfcfw.com/pdf/H3_AP202508221732401857_1.pdf?1755888659000.pdf
通信行业行业点评报告：政策推动不断加速，商业航天发展大有可为,中国银河,2025-08-21,通信设备,https://pdf.dfcfw.com/pdf/H3_AP202508211731547203_1.pdf?1755772496000.pdf
通信行业月报：北美云厂商上调资本开支，OpenAI发布GPT-5模型,中原证券,2025-08-21,通信设备,https://pdf.dfcfw.com/pdf/H3_AP202508211731818681_1.pdf?1755808440000.pdf
通信行业周报,国新证券股份,2025-08-20,通信设备,https://pdf.dfcfw.com/pdf/H3_AP202508201731171138_1.pdf?1755719238000.pdf
通信行业周报：AI在业务间协同加速，低轨卫星加速组网,国元证券,2025-08-19,通信设备,https://pdf.dfcfw.com/pdf/H3_AP202508191730397523_1.pdf?1755613660000.pdf
通信行业周报：我国卫星互联网快速发展，关注相关产业链投资机会,华龙证券,2025-08-18,通信设备,https://pdf.dfcfw.com/pdf/H3_AP202508181729697696_1.pdf?1755514762000.pdf
卫星互联网行业系列：商业航天发射场工位数快速增长，看好测试发射指挥监控系统以及加注及供气系统服务商,东兴证券,2025-08-18,通信设备,https://pdf.dfcfw.com/pdf/H3_AP202508181729697665_1.pdf?1755515129000.pdf
通信行业周报2025年第33周：液冷呈现高景气度，运营商2025上半年业绩稳健增长,国信证券,2025-08-17,通信设备,https://pdf.dfcfw.com/pdf/H3_AP202508171729262890_1.pdf?1755453449000.pdf
通信行业研究：国内外AI算力需求大幅增长，光通信板块持续景气,国金证券,2025-08-17,通信设备,https://pdf.dfcfw.com/pdf/H3_AP202508171729307685_1.pdf?1755471747000.pdf
通信行业研究周报：我国日均Token消耗量高增，AI延续高景气；积极关注卫星互联网产业进展,天风证券,2025-08-17,通信设备,https://pdf.dfcfw.com/pdf/H3_AP202508171729154991_1.pdf?1755437864000.pdf
通信行业周报：AI赋能腾讯成长，继续推荐液冷、光通信、国产算力等AI全产业链,开源证券,2025-08-17,通信设备,https://pdf.dfcfw.com/pdf/H3_AP202508171729193589_1.pdf?1755443002000.pdf
通信行业高景气延续，算力板块增速领先,中国银河,2025-08-16,通信设备,https://pdf.dfcfw.com/pdf/H3_AP202508151728173628_1.pdf?1755342251000.pdf
通信行业深度研究：IDC：AI算力需求注入新动能，行业或拐点将至,天风证券,2025-08-13,通信设备,https://pdf.dfcfw.com/pdf/H3_AP202508131726558080_1.pdf?1755073397000.pdf
通信行业周报-周专题：GPT-5重磅发布，eSIM赛道加速破局,上海证券,2025-08-13,通信设备,https://pdf.dfcfw.com/pdf/H3_AP202508131726612931_1.pdf?1755080940000.pdf
通信行业周报,国新证券股份,2025-08-13,通信设备,https://pdf.dfcfw.com/pdf/H3_AP202508131726825501_1.pdf?1755110510000.pdf
通信行业周报：CHATGPT-5发布，低轨卫星密集发射,国元证券,2025-08-11,通信设备,https://pdf.dfcfw.com/pdf/H3_AP202508111725476064_1.pdf?1754922255000.pdf
通信行业研究周报：GPT-5重磅发布，坚定看好AI和卫星产业链,天风证券,2025-08-11,通信设备,https://pdf.dfcfw.com/pdf/H3_AP202508111725497193_1.pdf?1754924884000.pdf
通信行业行业点评报告：GPU功耗+集成度提升，液冷景气度上行,中国银河,2025-08-11,通信设备,https://pdf.dfcfw.com/pdf/H3_AP202508111725549727_1.pdf?1754932214000.pdf
通信行业周报2025年第32周：GPT5推理成本下降，卫星互联网组网进程提速,国信证券,2025-08-10,通信设备,https://pdf.dfcfw.com/pdf/H3_AP202508101724810403_1.pdf?1754832315000.pdf
通信行业周报：GPT-5多领域取得SOTA，Arista上调业绩指引，持续看好全球AI链,开源证券,2025-08-10,通信设备,https://pdf.dfcfw.com/pdf/H3_AP202508101724900042_1.pdf?1754840882000.pdf
通信行业研究：GPT-5再提升推理效率，液冷板块高景气度维持,国金证券,2025-08-10,通信设备,https://pdf.dfcfw.com/pdf/H3_AP202508101724924564_1.pdf?1754846103000.pdf
“十五五”通信行业转型机遇及发展路径研究：智联未来，价值跃迁,艾瑞股份,2025-08-09,通信设备,https://pdf.dfcfw.com/pdf/H3_AP202508091724194464_1.pdf?1754818606000.pdf
通信行业点评报告：Arista上调业绩指引，XPU加速落地,开源证券,2025-08-08,通信设备,https://pdf.dfcfw.com/pdf/H3_AP202508081723586947_1.pdf?1754648621000.pdf
通信行业双周报：有序推进算力中心建设布局,东莞证券,2025-08-08,通信设备,https://pdf.dfcfw.com/pdf/H3_AP202508081723792344_1.pdf?1754684180000.pdf
通信行业点评报告：GPT-5发布，多领域取得SOTA，可靠性大幅提升,开源证券,2025-08-08,通信设备,https://pdf.dfcfw.com/pdf/H3_AP202508081723802901_1.pdf?1754677349000.pdf
通信行业周报：业绩驱动科技公司上涨，关注AI应用个股行情,上海证券,2025-08-07,通信设备,https://pdf.dfcfw.com/pdf/H3_AP202508071723156461_1.pdf?1754584350000.pdf
新兴技术研究：网络安全VC趋势,"PitchBook Data, Inc.",2025-08-07,通信设备,https://pdf.dfcfw.com/pdf/H3_AP202508071722996640_1.pdf?1754574321000.pdf
通信行业周报：科技具体资本开支持续提升，我国卫星互联网快速发展,华龙证券,2025-08-05,通信设备,https://pdf.dfcfw.com/pdf/H3_AP202508051721751708_1.pdf?1754382821000.pdf
通信行业研究周报：微软、Meta季度业绩超预期，资本开支有望延续高增长,天风证券,2025-08-05,通信设备,https://pdf.dfcfw.com/pdf/H3_AP202508051721797450_1.pdf?1754390222000.pdf
通信行业周报：北美资本开支预期强劲，AI在业务间协同加速,国元证券,2025-08-05,通信设备,https://pdf.dfcfw.com/pdf/H3_AP202508051721820965_1.pdf?1754392767000.pdf
通信行业点评：海外巨头CAPEX整体超预期，AI持续高景气,民生证券,2025-08-05,通信设备,https://pdf.dfcfw.com/pdf/H3_AP202508051721885394_1.pdf?1754402980000.pdf
TMT行业周报（8月第1周）：海外云厂资本开支上行，国内有望跟随,世纪证券,2025-08-04,通信设备,https://pdf.dfcfw.com/pdf/H3_AP202508041721146443_1.pdf?1754298694000.pdf
通信行业周报2025年第31周：北美科技公司业绩持续验证AI高景气度，国务院通过“人工智能+”行动,国信证券,2025-08-03,通信设备,https://pdf.dfcfw.com/pdf/H3_AP202508031720863055_1.pdf?1754257788000.pdf
通信行业研究：Meta、微软业绩超预期，长期看好国产算力链,国金证券,2025-08-03,通信设备,https://pdf.dfcfw.com/pdf/H3_AP202508031720704316_1.pdf?1754234113000.pdf
通信行业周报：海外AI财报总结：北美AI公司相继上调指引，全面看好海外AI链,开源证券,2025-08-03,通信设备,https://pdf.dfcfw.com/pdf/H3_AP202508031720704341_1.pdf?1754235143000.pdf
2025年中期通信行业投资策略报告：算力引擎强驱动，星地空网共发展,万联证券,2025-08-01,通信设备,https://pdf.dfcfw.com/pdf/H3_AP202508011719644348_1.pdf?1754074159000.pdf
通信行业：通信网络智能体白皮书V1.0,中国联通,2025-08-01,通信设备,https://pdf.dfcfw.com/pdf/H3_AP202507311719115883_1.pdf?1754065822000.pdf
从WAIC2025看行业发展趋势：昇腾384首亮相，国产算力催化加速,中银证券,2025-08-01,通信设备,https://pdf.dfcfw.com/pdf/H3_AP202508011719408680_1.pdf?1754042492000.pdf
通信行业周报：央国企百亿聚焦聚变赛道，AI软硬件双轮驱动趋势不变,上海证券,2025-08-01,通信设备,https://pdf.dfcfw.com/pdf/H3_AP202508011719517295_1.pdf?1754056697000.pdf
通信：从WAIC 2025看行业发展趋势-运营商“AI+”规模化落地，推动行业范式跃迁,中银证券,2025-08-01,通信设备,https://pdf.dfcfw.com/pdf/H3_AP202508011719593478_1.pdf?1754068972000.pdf
通信行业点评报告：Vertiv和Celestica上调指引，液冷按下提速键,开源证券,2025-07-31,通信设备,https://pdf.dfcfw.com/pdf/H3_AP202507311718904519_1.pdf?1753970375000.pdf
通信行业点评报告：Meta再次上调资本支出指引，微软云业务表现亮眼，海外AI正循环效果显著,开源证券,2025-07-31,通信设备,https://pdf.dfcfw.com/pdf/H3_AP202507311718974140_1.pdf?1753979522000.pdf
通信行业点评报告：康宁Q2业绩表现亮眼，Scale-up打开光通信成长空间,开源证券,2025-07-30,通信设备,https://pdf.dfcfw.com/pdf/H3_AP202507301718412662_1.pdf?1753897584000.pdf
通信行业周报：谷歌全年资本开支上调，主动权益型公募增持通信,国元证券,2025-07-29,通信设备,https://pdf.dfcfw.com/pdf/H3_AP202507291717626580_1.pdf?1753785634000.pdf
AI驱动下，通信云行业的全球化变革,艾瑞股份,2025-07-29,通信设备,https://pdf.dfcfw.com/pdf/H3_AP202507291717787270_1.pdf?1753809138000.pdf
通信行业点评报告：Celestica上调业绩指引，看好光通信、液冷等板块估值提升,开源证券,2025-07-29,通信设备,https://pdf.dfcfw.com/pdf/H3_AP202507291717801843_1.pdf?1753810218000.pdf
通信行业2025年8月投资策略：算力基础设施高景气度持续，国内AI有望加速发展,国信证券,2025-07-28,通信设备,https://pdf.dfcfw.com/pdf/H3_AP202507281716978365_1.pdf?1753692346000.pdf
通信行业周跟踪：OpenAI发布chatGPT Agent并预热GPT5，英伟达端侧Thor即将发货,山西证券,2025-07-28,通信设备,https://pdf.dfcfw.com/pdf/H3_AP202507281716969940_1.pdf?1753691402000.pdf
TMT行业周报（7月第4周）：谷歌业绩强劲，AI步入正向循环,世纪证券,2025-07-28,通信设备,https://pdf.dfcfw.com/pdf/H3_AP202507281716978407_1.pdf?1753693935000.pdf
通信行业周报：大模型竞赛进行中，算力基础设施投资仍将持续,上海证券,2025-07-27,通信设备,https://pdf.dfcfw.com/pdf/H3_AP202507271716670792_1.pdf?1753647025000.pdf
通信行业周报：谷歌2Q25业绩超预期，国内大模型能力持续提升,国金证券,2025-07-27,通信设备,https://pdf.dfcfw.com/pdf/H3_AP202507271716518610_1.pdf?1753625059000.pdf
通信行业周报：谷歌上调资本开支，Qwen3模型迎更新，看好全球AI共振,开源证券,2025-07-27,通信设备,https://pdf.dfcfw.com/pdf/H3_AP202507271716535836_1.pdf?1753628044000.pdf
通信行业双周报：上半年我国电信业务收入累计完成9055亿元,东莞证券,2025-07-25,通信设备,https://pdf.dfcfw.com/pdf/H3_AP202507251715436367_1.pdf?1753477044000.pdf
通信行业点评报告：谷歌云增速超预期，谷歌上调资本开支，海外AI链或迎估值提升,开源证券,2025-07-24,通信设备,https://pdf.dfcfw.com/pdf/H3_AP202507241714771717_1.pdf?1753369600000.pdf
通信行业周报,国新证券股份,2025-07-23,通信设备,https://pdf.dfcfw.com/pdf/H3_AP202507231714306512_1.pdf?1753303129000.pdf
通信行业周报：H20恢复对华销售，算力通信硬件全线业绩高增,国元证券,2025-07-21,通信设备,https://pdf.dfcfw.com/pdf/H3_AP202507211713040608_1.pdf?1753120743000.pdf
通信行业研究：光模块厂商业绩预告超预期，英伟达H20恢复对华供货,国金证券,2025-07-20,通信设备,https://pdf.dfcfw.com/pdf/H3_AP202507201712423369_1.pdf?1753032953000.pdf
通信行业研究周报：OpenAI发布ChatGPT智能体，商务部部长会见英伟达CEO,天风证券,2025-07-20,通信设备,https://pdf.dfcfw.com/pdf/H3_AP202507201712314978_1.pdf?1753016849000.pdf
通信行业周报：海外AI或估值提升，国内AI迎基本面拐点,开源证券,2025-07-20,通信设备,https://pdf.dfcfw.com/pdf/H3_AP202507201712358603_1.pdf?1753024115000.pdf
通信行业周报2025年第29周：光模块企业中报业绩预告亮眼，英伟达AI芯片重返中国市场,国信证券,2025-07-20,通信设备,https://pdf.dfcfw.com/pdf/H3_AP202507201712520969_1.pdf?1753046716000.pdf
通信行业周报,国新证券股份,2025-07-17,通信设备,https://pdf.dfcfw.com/pdf/H3_AP202507171710498232_1.pdf?1752757354000.pdf
通信行业周跟踪：Grok4、KIMI K2发布，算力板块业绩预告亮眼,山西证券,2025-07-17,通信设备,https://pdf.dfcfw.com/pdf/H3_AP202507171710642557_1.pdf?1752774760000.pdf
通信行业周报：工业富联2025H1业绩超预期，光模块产业链迎增长新机遇,上海证券,2025-07-16,通信设备,https://pdf.dfcfw.com/pdf/H3_AP202507161709884032_1.pdf?1752666997000.pdf
通信行业周报：太空通信规模化推进，量子产业迎价值释放,中国银河,2025-07-15,通信设备,https://pdf.dfcfw.com/pdf/H3_AP202507151709203955_1.pdf?1752576970000.pdf
通信行业点评报告：英伟达将恢复H20在华销售，核心利好AIDC链,开源证券,2025-07-15,通信设备,https://pdf.dfcfw.com/pdf/H3_AP202507151709337806_1.pdf?1752592635000.pdf
通信行业周报：Grok 4多模态问题分析能力增强，算力消耗倍增,国元证券,2025-07-14,通信设备,https://pdf.dfcfw.com/pdf/H3_AP202507141708534553_1.pdf?1752480625000.pdf
通信行业研究周报：xAI发布Grok4表现惊艳，AI持续发展迭代产业高景气依旧,天风证券,2025-07-14,通信设备,https://pdf.dfcfw.com/pdf/H3_AP202507141708555559_1.pdf?1752482104000.pdf
通信行业行业深度报告：太空算力：打破传统地天观，重构天基智能版图,中国银河,2025-07-14,通信设备,https://pdf.dfcfw.com/pdf/H3_AP202507141708761508_1.pdf?1752512032000.pdf
【国信通信·卫星互联网专题四】民营火箭亟待突破，手机直连与激光通信未来可期,国信证券,2025-07-14,通信设备,https://pdf.dfcfw.com/pdf/H3_AP202507141708784950_1.pdf?1752515352000.pdf
通信行业2025年下半年投资策略：聚焦高成长，布局卫通，把握行业新节点,上海证券,2025-07-13,通信设备,https://pdf.dfcfw.com/pdf/H3_AP202507111707124396_1.pdf?1752396962000.pdf
状态移动2025：从趋势到动力-如何在2025年及以后在移动设备上取得成功,Sensor Tower,2025-07-13,通信设备,https://pdf.dfcfw.com/pdf/H3_AP202507121707656028_1.pdf?1752401850000.pdf
通信行业研究：Grok4正式发布，海外AI链持续高景气,国金证券,2025-07-13,通信设备,https://pdf.dfcfw.com/pdf/H3_AP202507131708295442_1.pdf?1752447237000.pdf
通信行业周报2025年第28周：xAI推出Grok4模型，算力基础设施企业Q2业绩预告较好,国信证券,2025-07-13,通信设备,https://pdf.dfcfw.com/pdf/H3_AP202507131708306074_1.pdf?1752448752000.pdf
通信行业周报：算力公司业绩亮眼，Grok-4发布，AWS推出,开源证券,2025-07-13,通信设备,https://pdf.dfcfw.com/pdf/H3_AP202507131707988043_1.pdf?1752413536000.pdf
通信行业点评：水冷系统：可控核聚变的“隐形千亿赛道”,民生证券,2025-07-11,通信设备,https://pdf.dfcfw.com/pdf/H3_AP202507111706812984_1.pdf?1752227167000.pdf
通信行业双周报：AI带来DWDM流量增长,东莞证券,2025-07-11,通信设备,https://pdf.dfcfw.com/pdf/H3_AP202507111707004281_1.pdf?1752254870000.pdf
算力中心服务商分析报告（2025年）,中国信通院,2025-07-10,通信设备,https://pdf.dfcfw.com/pdf/H3_AP202507101706197684_1.pdf?1752139972000.pdf
通信周跟踪：MWC上海展示低轨卫星地面基建新机遇，AMD Helios机柜或使用更多光模块与铜缆,山西证券,2025-07-10,通信设备,https://pdf.dfcfw.com/pdf/H3_AP202507101706426637_1.pdf?1752174591000.pdf
通信行业月报：英伟达GB300正式出货，海外算力高速发展,中原证券,2025-07-09,通信设备,https://pdf.dfcfw.com/pdf/H3_AP202507091705894407_1.pdf?1752094601000.pdf
通信行业周报,国新证券股份,2025-07-09,通信设备,https://pdf.dfcfw.com/pdf/H3_AP202507091705894435_1.pdf?1752094601000.pdf
通信行业深度报告：AI驱动光铜共进，AEC等受益于高速短距连接需求,开源证券,2025-07-08,通信设备,https://pdf.dfcfw.com/pdf/H3_AP202507081705110994_1.pdf?1751981934000.pdf
通信行业：智能低空通感网络白皮书,中国电信集团,2025-07-07,通信设备,https://pdf.dfcfw.com/pdf/H3_AP202507071704407080_1.pdf?1751880045000.pdf
通信行业周报2025年第27周：英伟达首批GB300开始部署，高速铜缆产业化进程加速,国信证券,2025-07-07,通信设备,https://pdf.dfcfw.com/pdf/H3_AP202507071704407148_1.pdf?1751887427000.pdf
通信行业周报：甲骨文超300亿云服务协议落地，关注算力全链,国元证券,2025-07-07,通信设备,https://pdf.dfcfw.com/pdf/H3_AP202507071704476352_1.pdf?1751893140000.pdf
通信行业2025年中期策略报告：高端光模块放量在即，卫星互联网蓬勃兴起,华龙证券,2025-07-07,通信设备,https://pdf.dfcfw.com/pdf/H3_AP202507071704517324_1.pdf?1751897055000.pdf
通信行业研究：甲骨文与OpenAI签订算力大单，北美AI投资持续景气,国金证券,2025-07-06,通信设备,https://pdf.dfcfw.com/pdf/H3_AP202507061703867658_1.pdf?1751800399000.pdf
通信行业周报：万国和润泽REIT均获超百倍认购，世纪互联上调业绩指引，AIDC产业链发展或提速,开源证券,2025-07-06,通信设备,https://pdf.dfcfw.com/pdf/H3_AP202507061703867694_1.pdf?1751801628000.pdf
通信行业研究周报：英伟达GB300将于下半年出货；中央关于海洋经济有新提法,天风证券,2025-07-06,通信设备,https://pdf.dfcfw.com/pdf/H3_AP202507061703977545_1.pdf?1751817445000.pdf
10.0F Consortium Network (Co-Net)：System and Architecture Towards 6G,全球6G技术大会,2025-07-04,通信设备,https://pdf.dfcfw.com/pdf/H3_AP202507041702595980_1.pdf?1751621930000.pdf
通信行业周报：AI浪潮重构PCB产业，CPO增量器件打开第三增长极,上海证券,2025-07-04,通信设备,https://pdf.dfcfw.com/pdf/H3_AP202507041702669833_1.pdf?1751626793000.pdf
通信行业周跟踪：再论昇腾cloudmatrix384创新性，算力板块迎来业绩情绪双击,山西证券,2025-07-04,通信设备,https://pdf.dfcfw.com/pdf/H3_AP202507041703000474_1.pdf?1751672725000.pdf
通信行业：海洋经济政策东风劲吹，通信全方位赋能,中国银河,2025-07-03,通信设备,https://pdf.dfcfw.com/pdf/H3_AP202507031702230713_1.pdf?1751564117000.pdf
6G Wireless Intelligent Cloud Network,未来移动通信论坛,2025-07-02,通信设备,https://pdf.dfcfw.com/pdf/H3_AP202507021701439640_1.pdf?1751452343000.pdf
AI系列跟踪专题报告：国产算力高景气持续,中银证券,2025-07-02,通信设备,https://pdf.dfcfw.com/pdf/H3_AP202507021701727292_1.pdf?1751490837000.pdf
通信行业研究：英伟达股价新高，看好全球AI算力需求持续增长,国金证券,2025-06-30,通信设备,https://pdf.dfcfw.com/pdf/H3_AP202506301700174138_1.pdf?1751272675000.pdf
通信行业周报：FiconTEC获大单，推荐关注新技术渗透节奏,国元证券,2025-06-30,通信设备,https://pdf.dfcfw.com/pdf/H3_AP202506301700180066_1.pdf?1751272267000.pdf
通信行业点评报告：世纪互联上调业绩指引，看好AIDC产业链投资机会,开源证券,2025-06-30,通信设备,https://pdf.dfcfw.com/pdf/H3_AP202506301700209055_1.pdf?1751276524000.pdf
通信行业研究周报：AI发展如火如荼，持续坚定看好AI产业链,天风证券,2025-06-30,通信设备,https://pdf.dfcfw.com/pdf/H3_AP202506301700273416_1.pdf?1751285156000.pdf
脑机接口行业点评：Neuralink发布会公布三年计划，关注脑机接口进展,民生证券,2025-06-30,通信设备,https://pdf.dfcfw.com/pdf/H3_AP202506301700427159_1.pdf?1751306119000.pdf
通信行业2025年7月投资策略：互联网云厂重视ASIC自研芯片投入，AI算力高景气度延续,国信证券,2025-06-29,通信设备,https://pdf.dfcfw.com/pdf/H3_AP202506291699698791_1.pdf?1751203840000.pdf
通信行业周报：阿里夸克算力告急，火山引擎发布全模态模型，坚定看好全球AI智算产业链,开源证券,2025-06-29,通信设备,https://pdf.dfcfw.com/pdf/H3_AP202506291699740887_1.pdf?1751208188000.pdf
通信行业深度报告：光通信：AI算力中心的神经网络,金元证券,2025-06-27,通信设备,https://pdf.dfcfw.com/pdf/H3_AP202506271698551853_1.pdf?1751035728000.pdf
通信行业周报：PCB盈利能力提升，光模块需求增长,上海证券,2025-06-27,通信设备,https://pdf.dfcfw.com/pdf/H3_AP202506271698613898_1.pdf?1751043682000.pdf
通信行业双周报：我国前5个月通信业电信业务收入累计完成7488亿元,东莞证券,2025-06-27,通信设备,https://pdf.dfcfw.com/pdf/H3_AP202506271698621421_1.pdf?1751046794000.pdf
通信行业周跟踪：MWC上海展示低轨卫星地面基建新机遇，AMD Helios机柜或使用更多光模块与铜缆,山西证券,2025-06-26,通信设备,https://pdf.dfcfw.com/pdf/H3_AP202506261697875523_1.pdf?1750940270000.pdf
从2025MWC上海看通信领域发展趋势：5G-A和AI深度融合推动信息基建发展,中银证券,2025-06-25,通信设备,https://pdf.dfcfw.com/pdf/H3_AP202506251697310576_1.pdf?1750860646000.pdf
通信行业周报：Marvell上调数据中心TAM，定制计算需求高增,国元证券,2025-06-25,通信设备,https://pdf.dfcfw.com/pdf/H3_AP202506251697377830_1.pdf?1750869062000.pdf
2025年通信行业中期策略报告：算力链长坡厚雪，运营商攻防兼备,国金证券,2025-06-24,通信设备,https://pdf.dfcfw.com/pdf/H3_AP202506241696642417_1.pdf?1750764991000.pdf
通信行业周报,国新证券股份,2025-06-24,通信设备,https://pdf.dfcfw.com/pdf/H3_AP202506241696856579_1.pdf?1750792724000.pdf
通信行业周报2025年第25周：Marvell预测2028年AI基建超万亿美元，AI算力高景气度延续,国信证券,2025-06-23,通信设备,https://pdf.dfcfw.com/pdf/H3_AP202506231695983605_1.pdf?1750669344000.pdf
通信行业周报：5G、AI发展融合，有望带动通信行业快速发展,华龙证券,2025-06-23,通信设备,https://pdf.dfcfw.com/pdf/H3_AP202506231696159948_1.pdf?1750711528000.pdf
通信行业2025年中期策略报告：AI产业的蓬勃发展，预期的边际改善,中国银河,2025-06-23,通信设备,https://pdf.dfcfw.com/pdf/H3_AP202506231696192862_1.pdf?1750701273000.pdf
通信行业研究周报：全球AI蓬勃发展，持续看好AI行业作为年度投资主线,天风证券,2025-06-22,通信设备,https://pdf.dfcfw.com/pdf/H3_AP202506221695515361_1.pdf?1750599912000.pdf
通信行业周报：首批IDC REITs获批，Marvell上调2028年AIDC规模预期，全球AIDC迎共振,开源证券,2025-06-22,通信设备,https://pdf.dfcfw.com/pdf/H3_AP202506221695515382_1.pdf?1750601646000.pdf
通信行业周报：国产算力龙头垂直整合启幕，海光千亿并购中科曙光，算力产业链景气上行,上海证券,2025-06-21,通信设备,https://pdf.dfcfw.com/pdf/H3_AP202506211695063655_1.pdf?1750544481000.pdf
2024年第四季度中国宽带速率状况报告,宽带发展联盟,2025-06-20,通信设备,https://pdf.dfcfw.com/pdf/H3_AP202506201694183508_1.pdf?1750412722000.pdf
通信行业点评报告：政策奖励游戏企业应用AI，或提升AIDC算力需求,开源证券,2025-06-20,通信设备,https://pdf.dfcfw.com/pdf/H3_AP202506201694233192_1.pdf?1750412287000.pdf
通信周跟踪：AMD展示Helios超节点机柜，东山精密拟收购索尔思,山西证券,2025-06-19,通信设备,https://pdf.dfcfw.com/pdf/H3_AP202506191693806856_1.pdf?1750351580000.pdf
通信行业行业周报：算力筑基，光网跃迁,中国银河,2025-06-18,通信设备,https://pdf.dfcfw.com/pdf/H3_AP202506181693041723_1.pdf?1750240877000.pdf
通信行业2025年中期投资策略：智能体应用泛化时刻到来，关注算力与端侧硬件,东莞证券,2025-06-18,通信设备,https://pdf.dfcfw.com/pdf/H3_AP202506181693244225_1.pdf?1750269342000.pdf
通信行业周报：豆包token调用量增长超百倍，AI应用渗透加速,国元证券,2025-06-17,通信设备,https://pdf.dfcfw.com/pdf/H3_AP202506171692391674_1.pdf?1750147410000.pdf
通信行业周报：豆包token使用量大幅增长，全球算力需求持续强劲,国金证券,2025-06-16,通信设备,https://pdf.dfcfw.com/pdf/H3_AP202506161691780127_1.pdf?1750060338000.pdf
通信行业周报：字节多模态模型加速，Oracle大投AI，看好全球AIDC产业链,开源证券,2025-06-15,通信设备,https://pdf.dfcfw.com/pdf/H3_AP202506151691480302_1.pdf?1750014939000.pdf
通信行业周报2025年第24周：英伟达加速欧洲市场拓展，展望Marvell AI活动及上海MWC展会,国信证券,2025-06-15,通信设备,https://pdf.dfcfw.com/pdf/H3_AP202506151691511671_1.pdf?1750021045000.pdf
通信行业周报：AI行情反弹，卫星互联网催化加快,上海证券,2025-06-15,通信设备,https://pdf.dfcfw.com/pdf/H3_AP202506151691389842_1.pdf?1750002335000.pdf
AIDC行业深度报告：能效为刃交付为锋，竞逐智算新纪元,中国银河,2025-06-13,通信设备,https://pdf.dfcfw.com/pdf/H3_AP202506131690102980_1.pdf?1749819838000.pdf
通信行业双周报：中国移动40万站5G主设备集采，五大设备商集体中标,东莞证券,2025-06-13,通信设备,https://pdf.dfcfw.com/pdf/H3_AP202506131690249986_1.pdf?1749851386000.pdf
通信行业点评报告：字节Force原动力大会亮点：豆包大模型1.6发布、多模态模型升级、Tokens加速增长、多行业落地,开源证券,2025-06-12,通信设备,https://pdf.dfcfw.com/pdf/H3_AP202506111689007352_1.pdf?1749712100000.pdf
通信周跟踪：海外强业绩引领下算力仍是最强主线，移动普缆招标平稳落地,山西证券,2025-06-12,通信设备,https://pdf.dfcfw.com/pdf/H3_AP202506121689686831_1.pdf?1749760352000.pdf
通信行业月报：电信运营商收入增速回升，海外算力复苏,中原证券,2025-06-11,通信设备,https://pdf.dfcfw.com/pdf/H3_AP202506111688665955_1.pdf?1749631930000.pdf
通信行业事件点评：两部门引导养老服务机器人发展，重点关注智能养老,民生证券,2025-06-11,通信设备,https://pdf.dfcfw.com/pdf/H3_AP202506111688729240_1.pdf?1749641633000.pdf
通信行业动态报告：量子计算光量子技术路线进展加速，未来大有可为,民生证券,2025-06-11,通信设备,https://pdf.dfcfw.com/pdf/H3_AP202506111688866195_1.pdf?1749659624000.pdf
TMT之通信行业2025年一季度分析及展望：加速变革与升级迈向高质量发展新阶段,大公国际,2025-06-10,通信设备,https://pdf.dfcfw.com/pdf/H3_AP202506101688160275_1.pdf?1749561240000.pdf
通信行业周报：博通Tomahawk6可支持CPO，中美领导人直接沟通,国元证券,2025-06-09,通信设备,https://pdf.dfcfw.com/pdf/H3_AP202506091687452707_1.pdf?1749456790000.pdf
通信行业周报：AI快速发展、卫星互联网更进一步，关注相关产业链投资机会,华龙证券,2025-06-09,通信设备,https://pdf.dfcfw.com/pdf/H3_AP202506091687562253_1.pdf?1749475794000.pdf
通信行业点评报告：颠覆性创新变革，空芯光纤商用再加码,中国银河,2025-06-08,通信设备,https://pdf.dfcfw.com/pdf/H3_AP202506071686418958_1.pdf?1749388289000.pdf
通信行业周报：博通TH6交换芯片量产上市，持续看好AI算力产业链,开源证券,2025-06-08,通信设备,https://pdf.dfcfw.com/pdf/H3_AP202506081687060371_1.pdf?1749397565000.pdf
通信行业周报2025年第23周：博通发布Tomahawk6新品，展望字节FORCE原动力大会,国信证券,2025-06-08,通信设备,https://pdf.dfcfw.com/pdf/H3_AP202506081687029369_1.pdf?1749395556000.pdf
通信行业：亚马逊加码AI基建，卫星互联网低轨04组卫星成功发射,天风证券,2025-06-07,通信设备,https://pdf.dfcfw.com/pdf/H3_AP202506071686630486_1.pdf?1749335837000.pdf
通信行业周报：英伟达Q1业绩超预期实现，吉利天地一体化生态加速推进,上海证券,2025-06-06,通信设备,https://pdf.dfcfw.com/pdf/H3_AP202506061685720152_1.pdf?1749201837000.pdf
通信行业2025年半年度投资策略：算力产业链发展迅速，看好光模块&IDC&物联网模组,东兴证券,2025-06-06,通信设备,https://pdf.dfcfw.com/pdf/H3_AP202506061685968201_1.pdf?1749237722000.pdf
通信周跟踪：英伟达财报加速GB200出货预期，算力互联行动计划发布,山西证券,2025-06-05,通信设备,https://pdf.dfcfw.com/pdf/H3_AP202506051685280289_1.pdf?1749139119000.pdf
通信行业周报：美关税政策反复，deepseek R1升级版本释出,国元证券,2025-06-04,通信设备,https://pdf.dfcfw.com/pdf/H3_AP202506041684504256_1.pdf?1749024860000.pdf
通信行业2025年6月投资策略：高速光模块景气度持续，商业航天发展加速,国信证券,2025-06-03,通信设备,https://pdf.dfcfw.com/pdf/H3_AP202506021683623704_1.pdf?1748939352000.pdf
通信行业周报,国新证券股份,2025-06-03,通信设备,https://pdf.dfcfw.com/pdf/H3_AP202506031684166281_1.pdf?1748976703000.pdf
通信行业周报：DeepSeek R1模型升级，GB300季度末有望出货，继续看好AIDC算力产业链,开源证券,2025-06-02,通信设备,https://pdf.dfcfw.com/pdf/H3_AP202506021683456587_1.pdf?1748868452000.pdf
通信行业研究：DeepSeek-R1-0528发布，国产大模型能力持续优化,国金证券,2025-06-02,通信设备,https://pdf.dfcfw.com/pdf/H3_AP202506021683489189_1.pdf?1748875900000.pdf
通信行业研究周报：英伟达一季报超预期，AI产业持续向好,天风证券,2025-06-02,通信设备,https://pdf.dfcfw.com/pdf/H3_AP202506021683623705_1.pdf?1748949462000.pdf
通信周跟踪：英伟达computex强调边缘计算，超节点是国产算力重要元素,山西证券,2025-05-30,通信设备,https://pdf.dfcfw.com/pdf/H3_AP202505301681688804_1.pdf?1748603040000.pdf
通信行业双周报：多地聚焦无人机相关低空经济建设,东莞证券,2025-05-30,通信设备,https://pdf.dfcfw.com/pdf/H3_AP202505301681821133_1.pdf?1748632473000.pdf
通信行业周报：政策驱动IPv6规模部署加速，可控核聚变助推科技产业升级,上海证券,2025-05-29,通信设备,https://pdf.dfcfw.com/pdf/H3_AP202505291681110669_1.pdf?1748516548000.pdf
通信行业动态点评：无人机注册用户与飞行时长增长，多地聚焦相关低空经济建设,东莞证券,2025-05-27,通信设备,https://pdf.dfcfw.com/pdf/H3_AP202505271680101453_1.pdf?1748366985000.pdf
通信行业周报：天工智能体上线即限流，5G-A部署或将加速,国元证券,2025-05-26,通信设备,https://pdf.dfcfw.com/pdf/H3_AP202505261679289855_1.pdf?1748246888000.pdf
2025年Q1中国手机银行APP流量监测报告,艾瑞股份,2025-05-26,通信设备,https://pdf.dfcfw.com/pdf/H3_AP202505261679306788_1.pdf?1748250949000.pdf
通信行业周报：谷歌AI亮眼，坚定看好全球AIDC产业链,开源证券,2025-05-25,通信设备,https://pdf.dfcfw.com/pdf/H3_AP202505251678767050_1.pdf?1748172524000.pdf
通信行业专题研究：通信赋能机器人在AI浪潮下茁壮生长，产业链星辰大海,天风证券,2025-05-25,通信设备,https://pdf.dfcfw.com/pdf/H3_AP202505251678900031_1.pdf?1748191390000.pdf
通信行业研究周报：Oracle将采购40万枚英伟达GB200芯片，博通发布单通道200G CPO方案,天风证券,2025-05-25,通信设备,https://pdf.dfcfw.com/pdf/H3_AP202505251678956747_1.pdf?1748197569000.pdf
通信行业周报：风格利好科技，中东AI投资拉动光模块需求,上海证券,2025-05-23,通信设备,https://pdf.dfcfw.com/pdf/H3_AP202505231677617109_1.pdf?1747996240000.pdf
通信行业动态点评：AI与云业务增收效应显著，头部企业延续资本开支乐观展望,东莞证券,2025-05-23,通信设备,https://pdf.dfcfw.com/pdf/H3_AP202505231677792425_1.pdf?1748020996000.pdf
美互降对等关税，自主可控是长期形势,山西证券,2025-05-23,通信设备,https://pdf.dfcfw.com/pdf/H3_AP202505231677854142_1.pdf?1748030173000.pdf
通信行业2024年年报及2025年一季报综述：行业业绩稳健增长，关注高景气及新兴行业发展机会,华龙证券,2025-05-20,通信设备,https://pdf.dfcfw.com/pdf/H3_AP202505201675984814_1.pdf?1747754458000.pdf
通信行业2025年中期投资策略：“国产替代+算力升级”双主线,民生证券,2025-05-20,通信设备,https://pdf.dfcfw.com/pdf/H3_AP202505201676041384_1.pdf?1747763503000.pdf
通信行业研究：美国商务部升级对华芯片管制，AI芯片国产替代预计将加速,国金证券,2025-05-19,通信设备,https://pdf.dfcfw.com/pdf/H3_AP202505191675278990_1.pdf?1747652928000.pdf
通信行业：AI带动阿里&腾讯业务活力，积极看好AI与军工信息化,天风证券,2025-05-19,通信设备,https://pdf.dfcfw.com/pdf/H3_AP202505191675272920_1.pdf?1747643831000.pdf
通信行业周报：腾讯资本开支营收占比超预期，阿里资本性支出承诺金额亮眼，坚定看好国产算力,开源证券,2025-05-18,通信设备,https://pdf.dfcfw.com/pdf/H3_AP202505181674909390_1.pdf?1747585599000.pdf
AI系列跟踪专题报告：全球算力需求稳中有进,中银证券,2025-05-18,通信设备,https://pdf.dfcfw.com/pdf/H3_AP202505181674940414_1.pdf?1747594978000.pdf
通信行业双周报：中国移动启动3.33万台数据中心交换机集采,东莞证券,2025-05-17,通信设备,https://pdf.dfcfw.com/pdf/H3_AP202505171674018062_1.pdf?1747560846000.pdf
卫星通信行业深度报告：揽星补地贯通寰宇，拓维重构数智之疆,中国银河,2025-05-16,通信设备,https://pdf.dfcfw.com/pdf/H3_AP202505161673757106_1.pdf?1747402915000.pdf
通信行业2024年报及1Q25季报综述：AI推动算力需求增长，当下配置时点已至,中国银河,2025-05-16,通信设备,https://pdf.dfcfw.com/pdf/H3_AP202505161673838779_1.pdf?1747412984000.pdf
通信周跟踪：北美光通信财报继续验证景气度，印巴冲突凸显军工通信体系化能力重要,山西证券,2025-05-15,通信设备,https://pdf.dfcfw.com/pdf/H3_AP202505151673303619_1.pdf?1747342642000.pdf
通信行业投资策略：AIDC算力产业链迎黄金新周期,开源证券,2025-05-15,通信设备,https://pdf.dfcfw.com/pdf/H3_AP202505151673324943_1.pdf?1747331156000.pdf
通信行业月报：北美云厂商加大AI资本开支，AI算力中心带动光模块市场增长,中原证券,2025-05-15,通信设备,https://pdf.dfcfw.com/pdf/H3_AP202505151673384447_1.pdf?1747340303000.pdf
电信：18GHz频段报告,美国国家电信和信息管理局,2025-05-14,通信设备,https://pdf.dfcfw.com/pdf/H3_AP202505141672561091_1.pdf?1747227780000.pdf
通信：数据中心互联技术专题三：AI变革推动硅光模块快速发展,国信证券,2025-05-14,通信设备,https://pdf.dfcfw.com/pdf/H3_AP202505141672592818_1.pdf?1747217444000.pdf
通信行业：经贸会谈卓有成效，出口链或将优先受益,中国银河,2025-05-14,通信设备,https://pdf.dfcfw.com/pdf/H3_AP202505141672646015_1.pdf?1747229635000.pdf
电信运营商行业点评报告：运营商业绩显韧性，AI算力竞速启航,中银证券,2025-05-14,通信设备,https://pdf.dfcfw.com/pdf/H3_AP202505141672674477_1.pdf?1747230149000.pdf
通信行业专题研究：新旧动能引擎完成切换，积极看好行业机会,天风证券,2025-05-13,通信设备,https://pdf.dfcfw.com/pdf/H3_AP202505131672279575_1.pdf?1747166876000.pdf
通信设备行业ESG白皮书,荣续ESG智库研究中心,2025-05-13,通信设备,https://pdf.dfcfw.com/pdf/H3_AP202505131672151822_1.pdf?1747154687000.pdf
通信行业周报-北美云服务龙头FY25Q1业绩综述：企业业绩加速释放，AI逐步催化产业变革,上海证券,2025-05-12,通信设备,https://pdf.dfcfw.com/pdf/H3_AP202505121671535444_1.pdf?1747051009000.pdf
通信行业研究周报：AI仍是海外CSP巨头重要投入方向，持续看好AI产业链,天风证券,2025-05-12,通信设备,https://pdf.dfcfw.com/pdf/H3_AP202505121671571586_1.pdf?1747056952000.pdf
通信行业2024年及2025年Q1经营总结分析：运营商稳健发展，AI产业高景气拉动光通信增长,国信证券,2025-05-12,通信设备,https://pdf.dfcfw.com/pdf/H3_AP202505121671595068_1.pdf?1747061817000.pdf
通信行业2024年报及2025年一季报业绩综述：行业业绩稳中有进，盈利能力提升,东莞证券,2025-05-12,通信设备,https://pdf.dfcfw.com/pdf/H3_AP202505121671658997_1.pdf?1747070049000.pdf
通信行业周报,国新证券股份,2025-05-12,通信设备,https://pdf.dfcfw.com/pdf/H3_AP202505121671696252_1.pdf?1747078352000.pdf
通信行业周报：海外巨头持续投入AI，重视“海外+国产”算力,开源证券,2025-05-11,通信设备,https://pdf.dfcfw.com/pdf/H3_AP202505111671066247_1.pdf?1746977455000.pdf
通信行业周报：AI芯片或转许可制度，关注国产链及低估值标的,国元证券,2025-05-11,通信设备,https://pdf.dfcfw.com/pdf/H3_AP202505111671211214_1.pdf?1747000302000.pdf
通信周跟踪：北美CSP资本开支展望不变，再论AI算力的需求逻辑,山西证券,2025-05-09,通信设备,https://pdf.dfcfw.com/pdf/H3_AP202505091670015084_1.pdf?1746814566000.pdf
AI物联网行业深度报告：下游应用多点开花，AI物联网蓝海启程,山西证券,2025-05-09,通信设备,https://pdf.dfcfw.com/pdf/H3_AP202505091670057737_1.pdf?1746813554000.pdf
通信行业：透过移远通信，看中国通信模组行业进步,东兴证券,2025-05-05,通信设备,https://pdf.dfcfw.com/pdf/H3_AP202505031666868489_1.pdf?1746455978000.pdf
通信板块24年总结：板块稳健发展，建议关注运营商、交换机板块,国金证券,2025-05-05,通信设备,https://pdf.dfcfw.com/pdf/H3_AP202505041667148729_1.pdf?1746457068000.pdf
通信行业周报：北美云厂商业绩验证AI商业化加速，算力投资景气延续,国金证券,2025-05-05,通信设备,https://pdf.dfcfw.com/pdf/H3_AP202505051667673637_1.pdf?1746440723000.pdf
通信行业周报：小米发布首个推理模型MiMo，Meta上修资本开支指引,国元证券,2025-05-05,通信设备,https://pdf.dfcfw.com/pdf/H3_AP202505051667673649_1.pdf?1746460353000.pdf
通信行业行业周报：政策东风助推通信升级，国产突破引领技术革新,中国银河,2025-04-30,通信设备,https://pdf.dfcfw.com/pdf/H3_AP202504301664928865_1.pdf?1746023572000.pdf
运营商行业专题报告：基本盘稳中有进，云数业务快速发展,东莞证券,2025-04-30,通信设备,https://pdf.dfcfw.com/pdf/H3_AP202504301665013014_1.pdf?1746024398000.pdf
通信周跟踪：一季报后AI算力展望依然乐观，去伪存真龙头受益,山西证券,2025-04-30,通信设备,https://pdf.dfcfw.com/pdf/H3_AP202504301665075108_1.pdf?1746032950000.pdf
通信行业周报：多个AI agent内测上线，主动权益基金减配通信,国元证券,2025-04-29,通信设备,https://pdf.dfcfw.com/pdf/H3_AP202504291664331615_1.pdf?1745924233000.pdf
通信行业研究周报：AI产业发展持续向好，海风和卫星通信展现积极进展,天风证券,2025-04-29,通信设备,https://pdf.dfcfw.com/pdf/H3_AP202504291664277031_1.pdf?1745916329000.pdf
通信：2025年4月中共中央政治局会议相关内容学习体会-高度重视人工智能领域自主可控,中银证券,2025-04-28,通信设备,https://pdf.dfcfw.com/pdf/H3_AP202504281664031095_1.pdf?1745877791000.pdf
通信行业行业点评报告：奋楫笃行，高质量发展同新兴产业引领共振,中国银河,2025-04-27,通信设备,https://pdf.dfcfw.com/pdf/H3_AP202504261662824523_1.pdf?1745747023000.pdf
通信行业周报：AI上游业绩高兑现，美团AI需求渐起,开源证券,2025-04-27,通信设备,https://pdf.dfcfw.com/pdf/H3_AP202504271663181176_1.pdf?1745749451000.pdf
通信行业周跟踪：国产算力空间广阔，MCP或带动广域网流量增长,山西证券,2025-04-27,通信设备,https://pdf.dfcfw.com/pdf/H3_AP202504271663259891_1.pdf?1745768956000.pdf
通信行业：6G毫米波非对称大规模阵列架构白皮书,未来移动通信论坛,2025-04-25,通信设备,https://pdf.dfcfw.com/pdf/H3_AP202504251661992353_1.pdf?1745577172000.pdf
通信行业双周报：低轨卫星“千帆星座”完成五批次组网卫星发射,东莞证券,2025-04-25,通信设备,https://pdf.dfcfw.com/pdf/H3_AP202504251662247618_1.pdf?1745609754000.pdf
低空经济周报：发改委主任召开推动低空经济发展工作会议，提出谋划编制好低空经济发展“十五五”相关规划,金元证券,2025-04-22,通信设备,https://pdf.dfcfw.com/pdf/H3_AP202504221660395908_1.pdf?1745327340000.pdf
通信行业行业周报：6G引领空天地融合，自主可控托举通信强国,中国银河,2025-04-22,通信设备,https://pdf.dfcfw.com/pdf/H3_AP202504221660508781_1.pdf?1745339597000.pdf
AI系列跟踪专题报告：美关税政策反复下通信行业投资观点,中银证券,2025-04-22,通信设备,https://pdf.dfcfw.com/pdf/H3_AP202504221660623220_1.pdf?1745356060000.pdf
通信行业周报：海外算力制裁加剧，关注算力硬件自主可控,国元证券,2025-04-20,通信设备,https://pdf.dfcfw.com/pdf/H3_AP202504201659338908_1.pdf?1745150232000.pdf
通信行业周报：中国联通发布1Q25财报，看好运营商估值重塑,国金证券,2025-04-20,通信设备,https://pdf.dfcfw.com/pdf/H3_AP202504201659495419_1.pdf?1745175145000.pdf
通信：德国政策调整有望重振我国移动通信出海产业链,中银证券,2025-04-20,通信设备,https://pdf.dfcfw.com/pdf/H3_AP202504201659522664_1.pdf?1745178565000.pdf
通信行业周报：AI推理陆续落地，6G渐行渐近,开源证券,2025-04-20,通信设备,https://pdf.dfcfw.com/pdf/H3_AP202504201659364078_1.pdf?1745153343000.pdf
工业5G终端设备发展报告,工业互联网产业联盟,2025-04-20,通信设备,https://pdf.dfcfw.com/pdf/H3_AP202504191658808635_1.pdf?1745159270000.pdf
通信行业周报2025年第16周：中国推进6G国际合作，华为昇腾新一代芯片规模化商用,国信证券,2025-04-20,通信设备,https://pdf.dfcfw.com/pdf/H3_AP202504201659383396_1.pdf?1745168481000.pdf
通信：看好科技内需，建议关注军工信息化+卫星等自主可控方向,天风证券,2025-04-18,通信设备,https://pdf.dfcfw.com/pdf/H3_AP202504181658247922_1.pdf?1744964937000.pdf
通信周跟踪：关税政策反复不改光通信供应链地位，移动发起OISA超节点攻坚行动,山西证券,2025-04-16,通信设备,https://pdf.dfcfw.com/pdf/H3_AP202504161657423686_1.pdf?1744825936000.pdf
无线通信测试设备行业分析报告,赛迪研究院,2025-04-15,通信设备,https://pdf.dfcfw.com/pdf/H3_AP202504151656721396_1.pdf?1744716472000.pdf
2025年中国智慧水务（供水领域）行业研究报告,头豹研究院,2025-04-15,通信设备,https://pdf.dfcfw.com/pdf/H3_AP202504151656947858_1.pdf?1744749601000.pdf
通信行业周报2025年第15周：“对等关税”扰动，信创受益；光模块迎“关税豁免”,国信证券,2025-04-14,通信设备,https://pdf.dfcfw.com/pdf/H3_AP202504131655897199_1.pdf?1744622891000.pdf
通信行业周报：美国关税政策超预期，关注内需主导方向及超跌反弹机会,华龙证券,2025-04-14,通信设备,https://pdf.dfcfw.com/pdf/H3_AP202504141656402894_1.pdf?1744667748000.pdf
通信行业周报：通信多家公司业绩预增，回购及高管增持彰显信心,国元证券,2025-04-13,通信设备,https://pdf.dfcfw.com/pdf/H3_AP202504121655420815_1.pdf?1744537583000.pdf
通信行业研究周报：人工智能行业持续推进，政策助力北斗卫星产业发展,天风证券,2025-04-13,通信设备,https://pdf.dfcfw.com/pdf/H3_AP202504131655848246_1.pdf?1744557561000.pdf
通信行业2025年4月投资策略：AI产业持续保持高景气度，兼顾运营商高股息价值,国信证券,2025-04-13,通信设备,https://pdf.dfcfw.com/pdf/H3_AP202504131655897198_1.pdf?1744565052000.pdf
通信行业周报：重视国产算力、卫星互联网、光通信等板块机遇,开源证券,2025-04-13,通信设备,https://pdf.dfcfw.com/pdf/H3_AP202504131655848177_1.pdf?1744555955000.pdf
通信行业行业点评报告：内生动能，估值重构,中国银河,2025-04-11,通信设备,https://pdf.dfcfw.com/pdf/H3_AP202504111654624551_1.pdf?1744370226000.pdf
通信行业行业点评报告：关税政策催新势，自主通信谱华篇,中国银河,2025-04-11,通信设备,https://pdf.dfcfw.com/pdf/H3_AP202504111654635775_1.pdf?1744370327000.pdf
通信行业双周报：产业标准体系持续推进，关注5G-A建设发展,东莞证券,2025-04-11,通信设备,https://pdf.dfcfw.com/pdf/H3_AP202504111654805184_1.pdf?1744392633000.pdf
通信行业周报：通信行业关税冲击与可控核聚变赛道前瞻，高外向型承压与能源革命并行,上海证券,2025-04-10,通信设备,https://pdf.dfcfw.com/pdf/H3_AP202504101654010467_1.pdf?1744285581000.pdf
通信行业月报：AI带动数据中心发展，OFC 2025指明光通信行业技术走向,中原证券,2025-04-10,通信设备,https://pdf.dfcfw.com/pdf/H3_AP202504101654159022_1.pdf?1744305259000.pdf
山证通信2025年投资策略：云上铜光星辰大海，AI物联网企绘未来,山西证券,2025-04-10,通信设备,https://pdf.dfcfw.com/pdf/H3_AP202504101654192375_1.pdf?1744311648000.pdf
通信行业系列2：看增量，更要看存量市场,东兴证券,2025-04-09,通信设备,https://pdf.dfcfw.com/pdf/H3_AP202504091653579607_1.pdf?1744185953000.pdf
通信周跟踪：全球关税摩擦升级，把握自主可控和科技内需板块,山西证券,2025-04-09,通信设备,https://pdf.dfcfw.com/pdf/H3_AP202504091653822280_1.pdf?1744221630000.pdf
通信行业：中美关税博弈，通信零部件国产替代进程有望加速,东兴证券,2025-04-08,通信设备,https://pdf.dfcfw.com/pdf/H3_AP202504081653138648_1.pdf?1744107921000.pdf
企业竞争图谱：2025年贵价手机保护壳 头豹词条报告系列,头豹研究院,2025-04-08,通信设备,https://pdf.dfcfw.com/pdf/H3_AP202504081653335603_1.pdf?1744142357000.pdf
通信行业研究：特朗普关税令落地，长期看好国产算力链,国金证券,2025-04-07,通信设备,https://pdf.dfcfw.com/pdf/H3_AP202504071652615800_1.pdf?1744025866000.pdf
TMT行业周报（4月第1周）：国产大模型加速迭代,世纪证券,2025-04-07,通信设备,https://pdf.dfcfw.com/pdf/H3_AP202504071652628992_1.pdf?1744017017000.pdf
通信行业研究周报：三山岛500kv直流海缆开标，持续看好深海科技内需拉动,天风证券,2025-04-07,通信设备,https://pdf.dfcfw.com/pdf/H3_AP202504071652652826_1.pdf?1744019626000.pdf
通信行业周报：算力重要性日益凸显，卫星互联网持续落地,开源证券,2025-04-06,通信设备,https://pdf.dfcfw.com/pdf/H3_AP202504061652226594_1.pdf?1743944140000.pdf
通信行业研究框架,国金证券,2025-04-03,通信设备,https://pdf.dfcfw.com/pdf/H3_AP202504031650685809_1.pdf?1743672319000.pdf
通信行业周报：存储周期拐点已至，国内算力仍处建设初期,上海证券,2025-04-03,通信设备,https://pdf.dfcfw.com/pdf/H3_AP202504031650745335_1.pdf?1743681396000.pdf
通信行业深度报告：云厂商仍保持算力高需求，算力租赁需求有望边际向上,东吴证券,2025-04-03,通信设备,https://pdf.dfcfw.com/pdf/H3_AP202504031650769843_1.pdf?1743689556000.pdf
通信行业点评报告：对等关税落地，国产算力新时代大变革,中国银河,2025-04-03,通信设备,https://pdf.dfcfw.com/pdf/H3_AP202504031650859606_1.pdf?1743704712000.pdf
通信周跟踪：OFC2025即将召开，关注财报季高景气板块,山西证券,2025-04-02,通信设备,https://pdf.dfcfw.com/pdf/H3_AP202504021650028719_1.pdf?1743555827000.pdf
通信行业周报,国新证券股份,2025-04-02,通信设备,https://pdf.dfcfw.com/pdf/H3_AP202504021650159571_1.pdf?1743579513000.pdf
中国会计通讯2025年3月,安永(中国)企业咨询,2025-04-02,通信设备,https://pdf.dfcfw.com/pdf/H3_AP202504021650193990_1.pdf?1743592837000.pdf
通信行业行业点评报告：华为公司财务结构向好，三大业务带动增长,中国银河,2025-04-02,通信设备,https://pdf.dfcfw.com/pdf/H3_AP202504021650194021_1.pdf?1743593948000.pdf
商业航天行业事件点评：卫星互联网技术试验星成功发射，关注手机直连进展,民生证券,2025-04-02,通信设备,https://pdf.dfcfw.com/pdf/H3_AP202504021650297954_1.pdf?1743603603000.pdf
通信行业周报：运营商资本开支向算力倾斜，关注OFC开幕催化,国元证券,2025-04-01,通信设备,https://pdf.dfcfw.com/pdf/H3_AP202504011649898637_1.pdf?1743531718000.pdf
2025 APP流量竞争新观察：存量市场深度博弈下，跨周期精析流量路径，全链路优化留存成为解题思路,QuestMobile研究院,2025-04-01,通信设备,https://pdf.dfcfw.com/pdf/H3_AP202504011649882455_1.pdf?1743524741000.pdf
通信行业周报2025年第14周：展望2025 OFC（光纤通信大会）及字节AIOT浪潮智变大会,国信证券,2025-03-31,通信设备,https://pdf.dfcfw.com/pdf/H3_AP202503311649434937_1.pdf?1743410723000.pdf
通信行业研究周报：DeepSeek-V3模型更新；法国推进第10轮约9GW海上风电招标,天风证券,2025-03-31,通信设备,https://pdf.dfcfw.com/pdf/H3_AP202503311649478711_1.pdf?1743417219000.pdf
收发组件行业专题报告：雷达与卫星双擎驱动，有望受益于下游规模建设,东莞证券,2025-03-31,通信设备,https://pdf.dfcfw.com/pdf/H3_AP202503311649593762_1.pdf?1743438374000.pdf
AI系列跟踪专题报告：三大运营商加速竞逐AI赛道，转型红利已现,中银证券,2025-03-31,通信设备,https://pdf.dfcfw.com/pdf/H3_AP202503311649616463_1.pdf?1743452143000.pdf
运营商行业2024年报点评：业绩与股息双升，CAPEX新周期迎大空间,中国银河,2025-03-31,通信设备,https://pdf.dfcfw.com/pdf/H3_AP202503311649708686_1.pdf?1743461738000.pdf
通信行业周报：GTC 2025指引算力需求高增，AI硬件产业链迎扩容机遇,上海证券,2025-03-28,通信设备,https://pdf.dfcfw.com/pdf/H3_AP202503281648570233_1.pdf?1743161082000.pdf
通信行业事件点评：三部门培育智能消费场景，AI端侧加速发展,民生证券,2025-03-28,通信设备,https://pdf.dfcfw.com/pdf/H3_AP202503281648664872_1.pdf?1743177264000.pdf
通信行业专题研究：算力基建带动光芯片需求持续增长，河南省“追光逐芯”助力国产芯片突围,中原证券,2025-03-28,通信设备,https://pdf.dfcfw.com/pdf/H3_AP202503281648627085_1.pdf?1743171368000.pdf
通信周跟踪：GTC之后，依然看好海外算力链,山西证券,2025-03-26,通信设备,https://pdf.dfcfw.com/pdf/H3_AP202503261647797421_1.pdf?1743019658000.pdf
通信行业周报：GTC大会推出CPO交换机，AI相关资本开支上行,国元证券,2025-03-25,通信设备,https://pdf.dfcfw.com/pdf/H3_AP202503251647158134_1.pdf?1742894818000.pdf
通信行业周报：AI及卫星互联网快速发展，关注相关产业链投资机会,华龙证券,2025-03-24,通信设备,https://pdf.dfcfw.com/pdf/H3_AP202503241646852958_1.pdf?1742831415000.pdf
通信行业周报,国新证券股份,2025-03-24,通信设备,https://pdf.dfcfw.com/pdf/H3_AP202503241646925395_1.pdf?1742844392000.pdf
通信：CPO有望大幅降低能耗成本，运营商经营稳健,中国银河,2025-03-24,通信设备,https://pdf.dfcfw.com/pdf/H3_AP202503241646968416_1.pdf?1742853831000.pdf
通信行业：推理算力重要性提升，光模块发展再加速,中国银河,2025-03-24,通信设备,https://pdf.dfcfw.com/pdf/H3_AP202503241646782036_1.pdf?1742827144000.pdf
通信行业研究：英伟达召开GTC大会，国内云厂商及大厂加大AI算力投入,国金证券,2025-03-23,通信设备,https://pdf.dfcfw.com/pdf/H3_AP202503231646489785_1.pdf?1742760108000.pdf
通信行业研究周报：多地发力，共促海洋高质量发展,天风证券,2025-03-23,通信设备,https://pdf.dfcfw.com/pdf/H3_AP202503231646366396_1.pdf?1742736352000.pdf
通信行业周报：CPO迎来催化，腾讯、移动、联通加大算力投入，算力产业链持续高景气度,开源证券,2025-03-23,通信设备,https://pdf.dfcfw.com/pdf/H3_AP202503231646366420_1.pdf?1742737340000.pdf
通信：深海科技：政策驱动，首入政府报告有望推动产业链快速发展,天风证券,2025-03-23,通信设备,https://pdf.dfcfw.com/pdf/H3_AP202503231646436027_1.pdf?1742750705000.pdf
通信行业周报2025年第13周：英伟达发布CPO交换机，深海科技政策持续推进,国信证券,2025-03-23,通信设备,https://pdf.dfcfw.com/pdf/H3_AP202503231646442840_1.pdf?1742751134000.pdf
2025电信行业150：《最有价值和最强大的电信品牌的年度报告》,Brand Finance,2025-03-22,通信设备,https://pdf.dfcfw.com/pdf/H3_AP202503221645992330_1.pdf?1742814059000.pdf
通信行业研究：DeepSeek算力效率提升≠算力通缩，国产算力需求方兴未艾,国金证券,2025-03-21,通信设备,https://pdf.dfcfw.com/pdf/H3_AP202503211645609623_1.pdf?1742584052000.pdf
通信行业双周报：年报披露期已至，关注行业业绩表现,东莞证券,2025-03-21,通信设备,https://pdf.dfcfw.com/pdf/H3_AP202503211645582457_1.pdf?1742591238000.pdf
通信：海风催化不断，关注低估值海缆龙头,中国银河,2025-03-19,通信设备,https://pdf.dfcfw.com/pdf/H3_AP202503191644724704_1.pdf?1742403904000.pdf
AI系列跟踪专题报告：中国联通打响运营商算力加码第一枪，全面拥抱AI，迎科技转型待价值重估,中银证券,2025-03-19,通信设备,https://pdf.dfcfw.com/pdf/H3_AP202503191644768733_1.pdf?1742417823000.pdf
通信行业研究周报：政府工作报告首次纳入“深海科技”，英伟达GTC大会即将召开,天风证券,2025-03-18,通信设备,https://pdf.dfcfw.com/pdf/H3_AP202503181644477605_1.pdf?1742300914000.pdf
通信周跟踪：GTC前瞻另一个视角：重视推理与端侧,山西证券,2025-03-18,通信设备,https://pdf.dfcfw.com/pdf/H3_AP202503181644524075_1.pdf?1742335149000.pdf
通信：数据中心互联技术专题二：AI变革推动AIDC服务商快速发展,国信证券,2025-03-17,通信设备,https://pdf.dfcfw.com/pdf/H3_AP202503171644434592_1.pdf?1742203444000.pdf
通信行业周报：GTC 2025即将召开，重视基础算力硬件修复机会,国元证券,2025-03-17,通信设备,https://pdf.dfcfw.com/pdf/H3_AP202503171644450095_1.pdf?1742233067000.pdf
通信行业专题研究：AI时代下的运营商，云、IDC和算力资源有望迎来重估机会,天风证券,2025-03-17,通信设备,https://pdf.dfcfw.com/pdf/H3_AP202503171644451166_1.pdf?1742234094000.pdf
通信行业周报,国新证券股份,2025-03-17,通信设备,https://pdf.dfcfw.com/pdf/H3_AP202503171644456078_1.pdf?1742240837000.pdf
通信行业周报2025年第12周：展望2025年英伟达GTC大会和华为合作伙伴大会,国信证券,2025-03-16,通信设备,https://pdf.dfcfw.com/pdf/H3_AP202503161644420528_1.pdf?1742151612000.pdf
通信行业周报：GTC大会召开在即，关注CPO、液冷、服务器电源等板块,开源证券,2025-03-16,通信设备,https://pdf.dfcfw.com/pdf/H3_AP202503161644419367_1.pdf?1742135204000.pdf
通信行业周报：政府工作报告指引6G投资，RISC-V广受关注,上海证券,2025-03-14,通信设备,https://pdf.dfcfw.com/pdf/H3_AP202503141644358098_1.pdf?1741941200000.pdf
通信IDC行业：进入AIDC发展阶段，高景气有望超过3年,东兴证券,2025-03-14,通信设备,https://pdf.dfcfw.com/pdf/H3_AP202503141644374663_1.pdf?1741975278000.pdf
AI+Communication Service White Paper（2025）,中国移动通信研究院,2025-03-13,通信设备,https://pdf.dfcfw.com/pdf/H3_AP202503131644327034_1.pdf?1741880241000.pdf
通信行业点评报告：世纪互联资本开支翻倍以上增长，全面看好AIDC,开源证券,2025-03-13,通信设备,https://pdf.dfcfw.com/pdf/H3_AP202503131644333150_1.pdf?1741880068000.pdf
政府工作报告聚焦6G发展，通信产业升级迎来前行新机遇,上海证券,2025-03-12,通信设备,https://pdf.dfcfw.com/pdf/H3_AP202503121644289569_1.pdf?1741769863000.pdf
移动应用趋势：2025版：全球应用性能基准,Applovin,2025-03-12,通信设备,https://pdf.dfcfw.com/pdf/H3_AP202503121644290246_1.pdf?1741786117000.pdf
数据中心互联技术专题一：AI变革推动CPO技术商业化加速,国信证券,2025-03-12,通信设备,https://pdf.dfcfw.com/pdf/H3_AP202503121644293801_1.pdf?1741785348000.pdf
通信行业月报：Manus在AI Agent领域实现技术突破，AI驱动智算中心升级,中原证券,2025-03-12,通信设备,https://pdf.dfcfw.com/pdf/H3_AP202503121644303318_1.pdf?1741801073000.pdf
通信行业周报：Manus推动AI Agent加速，兼顾基础及端侧硬件,国元证券,2025-03-11,通信设备,https://pdf.dfcfw.com/pdf/H3_AP202503111644254176_1.pdf?1741681254000.pdf
通信行业点评报告：IDC REITs或助力AIDC规模扩张,开源证券,2025-03-11,通信设备,https://pdf.dfcfw.com/pdf/H3_AP202503111644265725_1.pdf?1741708801000.pdf
行业深度研究-2024年中国特种光纤行业研究：6G入局政府工作报告，特种光纤迎来黄金发展期（精华版）,头豹研究院,2025-03-11,通信设备,https://pdf.dfcfw.com/pdf/H3_AP202503111644274365_1.pdf?1741722187000.pdf
通信周跟踪：AGI第三阶段初见端倪，算力token消耗量快速提升,山西证券,2025-03-11,通信设备,https://pdf.dfcfw.com/pdf/H3_AP202503111644277969_1.pdf?1741767066000.pdf
通信行业周报：政府工作报告发布，关注5G_6G及商业航天相关投资机会,华龙证券,2025-03-10,通信设备,https://pdf.dfcfw.com/pdf/H3_AP202503101644232293_1.pdf?1741636144000.pdf
通信行业：奥飞数据拟定增打造新一代智算中心，MWC2025广和通推出“星云”系列全矩阵AI模组,东兴证券,2025-03-10,通信设备,https://pdf.dfcfw.com/pdf/H3_AP202503101644234037_1.pdf?1741626445000.pdf
通信行业周报：国产大模型引领AI普惠浪潮，算力需求激发产业动能,国金证券,2025-03-09,通信设备,https://pdf.dfcfw.com/pdf/H3_AP202503091644209342_1.pdf?1741544992000.pdf
通信行业研究周报：Manus发布，AI产业持续推进，政策加码机器人技术发展,天风证券,2025-03-09,通信设备,https://pdf.dfcfw.com/pdf/H3_AP202503091644205005_1.pdf?1741527212000.pdf
通信行业周报2025年第11周：政府工作报告重点提及商业航天，Manus全球首发通用AI Agent,国信证券,2025-03-09,通信设备,https://pdf.dfcfw.com/pdf/H3_AP202503091644205874_1.pdf?1741538583000.pdf
通信行业周报：Manus或加速国产AIDC产业链需求释放,开源证券,2025-03-09,通信设备,https://pdf.dfcfw.com/pdf/H3_AP202503091644207419_1.pdf?1741534896000.pdf
通信周跟踪：DeepSeek发布推理系统概览，再论算力的上限和下限,山西证券,2025-03-08,通信设备,https://pdf.dfcfw.com/pdf/H3_AP202503081644174303_1.pdf?1741397868000.pdf
数据资产可信通证化流通白皮书2025年3月,中国移动通信研究院,2025-03-07,通信设备,https://pdf.dfcfw.com/pdf/H3_AP202503071644137329_1.pdf?1741347774000.pdf
通信行业：Manus AI创新引领，算力应用共振超预期,中国银河,2025-03-07,通信设备,https://pdf.dfcfw.com/pdf/H3_AP202503071644150777_1.pdf?1741369105000.pdf
通信行业双周报：关注AI产业应用与低空经济等领域,东莞证券,2025-03-07,通信设备,https://pdf.dfcfw.com/pdf/H3_AP202503071644151091_1.pdf?1741384041000.pdf
通信行业专题研究点评：政府工作报告两次提及商业航天，关注相关产业链投资机会,华龙证券,2025-03-07,通信设备,https://pdf.dfcfw.com/pdf/H3_AP202503071644152036_1.pdf?1741369311000.pdf
通信行业行业点评报告：科技争上，新兴及未来产业规模化发展可期,中国银河,2025-03-06,通信设备,https://pdf.dfcfw.com/pdf/H3_AP202503061644102287_1.pdf?1741255448000.pdf
通信行业快评报告：发挥科技创新引领作用，聚焦重点新兴产业和未来产业发展,万联证券,2025-03-06,通信设备,https://pdf.dfcfw.com/pdf/H3_AP202503061644108890_1.pdf?1741275118000.pdf
通信2025年政府工作报告学习体会：商业航天地位凸显，大模型应用推动算力建设,中银证券,2025-03-06,通信设备,https://pdf.dfcfw.com/pdf/H3_AP202503061644121363_1.pdf?1741295631000.pdf
中国会计通讯2025年2月,安永(中国)企业咨询,2025-03-06,通信设备,https://pdf.dfcfw.com/pdf/H3_AP202503061644099936_1.pdf?1741269172000.pdf
通信行业周报：MaaS商业模式迎边际改善，AIDC厂商或迎分化,上海证券,2025-03-05,通信设备,https://pdf.dfcfw.com/pdf/H3_AP202503051644062471_1.pdf?1741163053000.pdf
通信及电子周报：算力需求长期看涨，中芯国际业绩优于预期,国都证券,2025-03-05,通信设备,https://pdf.dfcfw.com/pdf/H3_AP202503051644062747_1.pdf?1741164673000.pdf
通信及电子周报：国内各厂商全面接入deepseek，算力需求加速释放,国都证券,2025-03-05,通信设备,https://pdf.dfcfw.com/pdf/H3_AP202503051644062748_1.pdf?1741164597000.pdf
通信及电子周报：Deepseek加速端侧落地，算力受益长期成长,国都证券,2025-03-05,通信设备,https://pdf.dfcfw.com/pdf/H3_AP202503051644062717_1.pdf?1741163957000.pdf
ICT行业薪酬水平及激励模式研究报告,北京合易北方企业管理咨询,2025-03-05,通信设备,https://pdf.dfcfw.com/pdf/H3_AP202503051644069298_1.pdf?1741188654000.pdf
通信行业：我国AI算力增速高于预期，关注两会政策预期,中国银河,2025-03-04,通信设备,https://pdf.dfcfw.com/pdf/H3_AP202503041644033108_1.pdf?1741098439000.pdf
通信行业周报：Deepseek成本利润率超预期，NVB系列出货高增,国元证券,2025-03-03,通信设备,https://pdf.dfcfw.com/pdf/H3_AP202503031643839755_1.pdf?1740999593000.pdf
通信行业：阿里巴巴开源视频生成模型，国内首个商用海底数据中心项目在海南正式启用,东兴证券,2025-03-03,通信设备,https://pdf.dfcfw.com/pdf/H3_AP202503031643999426_1.pdf?1741040749000.pdf
通信行业点评：2025年是国产AI一体机应用元年,民生证券,2025-03-02,通信设备,https://pdf.dfcfw.com/pdf/H3_AP202503021643651599_1.pdf?1740913432000.pdf
通信行业研究周报：全球AI军备竞赛愈演愈烈，推理侧或带来计算需求“百万倍”高增,天风证券,2025-03-02,通信设备,https://pdf.dfcfw.com/pdf/H3_AP202503021643660033_1.pdf?1740947653000.pdf
通信行业周报：全面看好国产AIDC产业链四大方向,开源证券,2025-03-02,通信设备,https://pdf.dfcfw.com/pdf/H3_AP202503021643653691_1.pdf?1740920269000.pdf
通信行业周报2025年第10周：DeepSeek继续推动AI降本_开源，展望2025MWC展5G-AxAI新技术,国信证券,2025-03-02,通信设备,https://pdf.dfcfw.com/pdf/H3_AP202503021643657895_1.pdf?1740998252000.pdf
